de,Jong
,Jansen
de,Vries
van den,Berg
van,Dijk
,Bakker
,Janssen
,Visser
,Smit
,Meijer
de,Boer
,Mulder
de,Groot
,Bos
,Vos
,Peters
,Hendriks
van,Leeuwen
,Dekker
,Brouwer
de,Wit
,Dijkstra
,Smits
de,Graaf
van der,Meer
,Kok
,Jacobs
van der,Linden
de,Haan
,Vermeulen
van den,Heuvel
van der,Veen
van den,Broek
de,Bruin
,Schouten
de,Bruijn
van,Beek
van der,Heijden
,Willems
van,Vliet
,Hoekstra
,Maas
,Verhoeven
,Koster
van,Dam
,Prins
,Blom
,Huisman
,Peeters
de,Jonge
,Kuipers
van der,Wal
van,Veen
,Post
,Kuiper
,Veenstra
,Kramer
van den,Brink
,Scholten
van,Wijk
,Postma
,Martens
,Vink
de,Ruiter
,Timmermans
,Groen
van de,Ven
,Gerritsen
,Jonker
van,Loon
,Boer
,Willemsen
,Smeets
de,Lange
,Bosch
de,Vos
van,Dongen
,Schipper
de,Koning
,Koning
van der,Laan
,Driessen
van,Doorn
,Hermans
,Evers
van der,Velden
van den,Bosch
van der,Meulen
,Hofman
,Bosman
,Wolters
,Sanders
,Mol
van der,Horst
,Kuijpers
,Molenaar
de,Leeuw
,Verbeek
,Stam
,Kroon
,Groot
,Timmer
de,Rooij
,Wouters
,Groeneveld
,Roos
de,Haas
,Schaap
van,Rijn
,Bosma
,Pronk
,Koopman
,Vonk
,Verhagen
,Snijders
,Dekkers
van,Es
,Zijlstra
van der,Velde
,Versteeg
,Boon
,Klein
,Stevens
,Simons
,Gerrits
,Aarts
,Otten
,Muller
,Verweij
,Bouwman
van,Schaik
,Blok
de,Jager
,Klaassen
,Jager
,Rutten
,Damen
van,Eijk
van der,Heide
,Cornelissen
van,Rooij
,Vermeer
,Geurts
,Bouman
,Franken
,Teunissen
,Faber
,Lammers
,Boersma
,Arts
,Roelofs
,Buijs
van,Os
,Joosten
,Venema
,Verhoef
,Thijssen
,Derksen
,Schuurman
,Visscher
,Derks
,Goossens
van den,Akker
,Wiersma
,Kersten
,Timmerman
van der,Werf
,Baas
,Baars
,Brouwers
van,Essen
van,Lieshout
,Kamphuis
van der,Plas
van,Driel
,Wessels
van,Rooijen
,Hoek
van,Rossum
,Zwart
van,Eck
van,Gils
,Bouma
,Arends
van der,Ploeg
van der,Steen
van den,Bos
,Vissers
,Bijl
,Hartman
,Knol
,Tromp
van,Dalen
,Terpstra
de,Ruijter
,Hoogendoorn
,Rietveld
den,Hartog
van,Berkel
,Kooistra
,Feenstra
,Boonstra
van de,Pol
,Schut
den,Boer
,Pieters
,Koopmans
,Keizer
,Konings
,Stolk
van,Zanten
de,Ridder
,Smulders
,Veldman
,Schepers
van,Vugt
,Brink
,Boers
van der,Molen
,Vis
de,Waal
de,Jongh
van der,Zee
,Nieuwenhuis
,Albers
,Brand
,Brinkman
,Klomp
van,Duijn
,Keijzer
van,Velzen
van der,Sluis
van der,Veer
van,Egmond
,Schreurs
,Kooijman
van,Hoof
,Verheijen
,Lamers
,Kool
,Nijenhuis
,Heemskerk
,Heijnen
,Willemse
,Nijland
,Brands
,Reinders
,Leenders
de,Visser
,Berends
,Meijers
de,Kok
,Bergsma
van,Gelder
,Veldhuis
,Ruiter
,Schippers
,Drost
,Theunissen
,Swinkels
,Wijnen
,Schutte
,Verschoor
van der,Linde
,Hoogeveen
,Wagenaar
van der,Hoeven
de,Wilde
,Kooij
,Fransen
,Manders
,Klaver
,Mulders
,Jonkers
van,Kessel
van,Putten
,Steenbergen
de,Graaff
,Nijhuis
,Bongers
van,Kempen
,Bouwmeester
,Pol
,Franssen
van der,Burg
,Lemmens
,Geerts
den,Ouden
,Koops
van,Mourik
,Yilmaz
de,Winter
van,Ginkel
,Beckers
van,Wijngaarden
,Veerman
,Versluis
,Schreuder
,Bruinsma
van,Bergen
,Hendriksen
,Drenth
de,Laat
van der,Woude
,Groenendijk
,Schoenmakers
,Verheij
,Houben
,Valk
van,Kampen
,Swart
,Boom
,Boot
van,Houten
van de,Wetering
,Borst
,Coenen
van de,Laar
,Lubbers
,Timmers
,Kamp
,Nguyen
,Westra
,Weijers
,Oomen
,Kroes
van der,Meij
de,Beer
,Burger
van der,Ven
van,Hees
van der,Poel
,Berendsen
,Hiemstra
,Bruins
van,Laar
van,Alphen
van,Erp
van der,Kolk
,Scheffer
,Blaauw
van der,Lee
van,Keulen
van den,Bergh
van,Schijndel
van den,Hoek
,Moonen
,Raaijmakers
,Jaspers
van,Esch
,Engels
,Harmsen
,Dam
van der,Pol
,Vogel
,Schellekens
de,Waard
,Burgers
,Dijk
,Hoogland
,Beekman
,Dijkman
,Verkerk
van,Boxtel
van der,Hoek
van,Pelt
,Zonneveld
,Veldhuizen
van,Tol
van,Rijswijk
van,Oosten
,Elzinga
,Snijder
,Janssens
,Snel
,Huizinga
,Staal
,Hagen
van den,Hurk
,Heijmans
,Janse
,Pot
,Roest
,Koot
van,Tilburg
van der,Vliet
van der,Voort
,Koelewijn
,Douma
van,Soest
van der,Meijden
,Nijhof
,Smith
,Wolf
,Tol
,Kerkhof
,Kloosterman
,Kusters
,Bartels
van,Mierlo
,Schenk
de,Klerk
van,Engelen
van,Hal
,Stoop
,Donkers
de,Man
,Brugman
de,Kort
,Berkhout
,Vogels
,Klok
,Snoek
,Hermsen
,Smid
,Alberts
,Westerhof
,Troost
,Engelen
den,Hollander
,Witteveen
,Jonkman
,Veen
van de,Wiel
,Zuidema
,Koolen
,Scholte
,Pennings
van der,Weide
van den,Boogaard
,Bijlsma
ter,Horst
,Schmidt
,Zwaan
,Slot
van,Gestel
de,Bie
,Kremer
van de,Kamp
,Cox
van der,Aa
,Akkerman
,Ros
van,Delft
,Donker
,Hamers
,Schilder
,Reitsma
de,Weerd
,Meijerink
van,Kooten
,Hartog
,Wijnands
,Reijnders
van de,Sande
,Mertens
de,Zeeuw
,Hollander
,Buis
van,Santen
,Hendrikx
,Linders
,Bruin
,Kuijper
,Moes
,Claassen
,Miedema
van,Schie
van,Uden
de,Heer
van der,Valk
,Goedhart
van den,Boom
,Hol
,Schuurmans
ter,Haar
,Nijboer
van der,Graaf
,Mensink
,Polman
,Witte
,Bax
van,Deursen
,Stegeman
,Coolen
,Spaans
,Buitenhuis
van,Ingen
van,Buuren
,Wever
van,Hout
,Weber
van,Gent
,Schmitz
van de,Velde
,Verburg
,Hulshof
,Ooms
van der,Zwan
van der,Spek
,Verheul
de,Geus
van,Oorschot
,Bol
van der,Beek
van,Lierop
,Veltman
,Krijgsman
ten,Have
,Schrijver
van,Beers
,Beumer
van,Ham
van der,Zanden
,Cremers
,Nijman
van der,Vegt
,Haan
,Nijssen
,Kaya
,Verstappen
,Braam
,Vrolijk
van,Bruggen
van,Maanen
,Ali
,Hendrix
,Wassink
,Martina
,Oudshoorn
,Pater
van,Gool
,Laan
van,Dooren
,Krol
van der,Werff
van,Ooijen
van,Riel
van,Oosterhout
,Bal
,Romijn
,Verschuren
,Bloem
,Rademaker
,Veldkamp
van,Zon
van den,Oever
van,Haren
,Mohamed
van,Gemert
,Jans
van,Helden
,Gielen
,Klijn
,Kroeze
van,Kleef
,Ahmed
van der,Heiden
,Habets
,Hof
,Nijkamp
,Zwiers
van 't,Hof
,Lam
,Gorter
,Kanters
van,Noort
,Bekkers
,Bergman
,Scheepers
van,Bommel
,Dijkhuizen
van der,Putten
,Bleeker
,Pijnenburg
,Griffioen
,Krijnen
,Broeders
de,Goede
van der,Ham
,Hofstede
de,Roos
de,Roo
van der,Kooij
de,Zwart
de,Nijs
,Mooij
van,Aalst
van,Laarhoven
,Nauta
,Winter
,Broekhuizen
,Tijssen
van,Oort
,Bekker
,Rovers
,Hoogenboom
,Schot
van,Wanrooij
,Koenen
,Winters
,Hopman
van,Tongeren
,Prinsen
,Bouwhuis
van de,Graaf
,Luijten
,Maassen
van,Haaren
,Bogers
de,Wolf
,Yildiz
van,Iersel
,Ras
,Broers
,Nelissen
van,Hoorn
,Bron
,Verbruggen
,Spijker
,Landman
,Maat
van,Galen
,Kessels
van,Aken
,Wolfs
,Akkermans
,Heeren
,Oosting
,Verstegen
van,Ommen
van,Diepen
,Pieterse
,Sterk
de,Rijk
,Rozema
,Groenewegen
,Verboom
,Baan
,Jongsma
,Nieuwenhuizen
,Oerlemans
,Zandbergen
,Zegers
,Schonewille
van der,Sluijs
,Poot
van,Hemert
,Kleijn
,Pool
van,Oers
van de,Beek
,Linssen
,Vervoort
,Altena
,Cuijpers
,Vaessen
,Slagter
van den,Brand
van der,Hulst
,Hoving
,Aerts
,Beijer
van,Son
van,Dorp
,Wong
van der,Helm
,Spierings
van,Geffen
,Adema
van,Bree
van,Dijken
,Thomassen
,Yildirim
,Roelofsen
,Slingerland
,Oskam
,Singh
de,Witte
,Hageman
,Brandsma
van,Herk
,Koenders
,Blokland
,Bisschop
,Wind
,Kraan
,Geerlings
,Ligthart
van,Lith
,Verberne
,Wieringa
van,Klaveren
,Spaan
,Booij
,Scholtens
,Kingma
,Meester
,Wassenaar
,Kemper
,Rodenburg
,Aalders
van,Kesteren
,Schoemaker
van,Drunen
van der,Waal
,Dokter
,Rutgers
,Ouwehand
van,Lier
,Harms
,Nijmeijer
,Engel
,Hofstra
,Koch
,Walraven
,Bruggeman
,Storm
,Lucas
van,Zijl
,Pols
,Posthumus
,Hofland
van,Gelderen
den,Haan
,Claessens
,Lodder
,Öztürk
,Haak
de,Gier
van,Boven
van,Wingerden
,Demir
,Thomas
van der,Knaap
van,Hoek
van den,Ende
,Hassan
,Reijnen
van,Straten
de,Keijzer
,Zweers
,Hummel
,Jongen
,Klop
,Huizing
van,Kuijk
van den,Burg
,Segers
,Kruithof
van,Lent
,Cornelisse
,Hanssen
,Roovers
van,Breugel
,Vossen
van,Loenen
,Schimmel
,Westerveld
,Kolkman
,Oosterhof
,Şahin
,Dirks
van,Osch
,Tan
,Oost
,Olthof
van der,Wielen
,Winkel
,Doornbos
van,Bakel
,Hop
,Adams
van den,Hout
,Groeneweg
,Niemeijer
,Teeuwen
de,Greef
,Geelen
,Vogelaar
,Woudstra
,Otto
,Strik
de,Bont
,Voogt
,Homan
van,Loo
,Nagtegaal
,Maessen
,Bezemer
,Boogaard
van de,Kerkhof
,Hoogendijk
,Bronkhorst
,Loos
,Aalbers
van de,Water
van,Gerwen
,Bouw
van,Asselt
,Wissink
,Hut
van den,Berge
,Ploeg
,Aydin
,Kouwenhoven
,Broekman
van,Gorp
,Huijbregts
van,Amerongen
,Warmerdam
,Bremer
,Wisse
,Toonen
van,Gerven
,Leijten
van,Dommelen
van,Ewijk
ten,Hove
van,Manen
de,Reus
,Pouw
,Lucassen
,Bergmans
,Schoenmaker
,Langeveld
van den,Hoven
van der,Bijl
,Smolders
,Robben
van der,Burgt
van den,Dungen
,Jansma
,Kamps
,Berger
,Voortman
van,Strien
van der,Geest
,Ottens
,Meurs
de,Kruijf
,Kortekaas
,Wesselink
,Brons
,Kuijt
,Kranenburg
van,Andel
,Spruijt
,Drent
den,Hertog
van,Meurs
den,Otter
,Haverkamp
,Donders
,Koole
,Megens
,Groenewoud
van der,Weijden
,Bouwens
van,Geel
,Struik
,Vermeij
van der,Schaaf
van der,Wel
,Cheung
,Hage
,Biemans
,Kort
,Gijsbers
,Middelkoop
,Moerman
,Veenendaal
,Hansen
,Overbeek
,Admiraal
van der,Mark
,Spoelstra
,Werkman
,Kooiman
van,Grinsven
,Gubbels
van der,Kamp
,Koers
,Snippe
,Peek
,Hoekman
,Ouwerkerk
,Valkenburg
,Verdonk
,Coppens
de,Mooij
van der,Jagt
,Nagel
,Plomp
,Deckers
,Reuvers
,Broere
van,Ommeren
,Wesseling
van der,Stelt
,Özdemir
,Mostert
,Pijpers
,Vinke
,Wiggers
,Terlouw
van der,Wiel
van,Duin
,Groenen
,Ramakers
van,Veldhuizen
,Smink
,Wolff
,Postema
,Verhulst
,Bot
,Houtman
,Everts
,Rook
,Rijsdijk
van,Roon
,Petersen
,Kock
,Scheffers
,Barten
van,Dorst
van der,Sanden
,Claessen
,Tang
,Spruit
van,Bussel
de,Brouwer
,Rombouts
van,Zutphen
,Oosterhuis
,Top
van,Dijke
,Heinen
van,Mil
den,Besten
,Chen
,Ibrahim
van,Meel
,Somers
,Müller
in 't,Veld
,Verhoeff
't,Hart
den,Heijer
,Strijker
,Hamstra
,Benjamins
,Langenberg
de,Hoog
,Schröder
de,Korte
,Nap
van der,Pluijm
,Wevers
,Voets
,Schneider
,Govers
,Velthuis
,Verhaar
,Vogelzang
van den,Elzen
,Simon
van,As
,Rijkers
,Koomen
,Zomer
van,Beurden
van,Barneveld
,Rensen
van,Vuuren
,Hensen
,Nuijten
,Boelens
,Knoop
,Kelder
,Struijk
van den,Hoogen
,Bus
van der,Vaart
,Los
de,Regt
,Oud
,Berg
,Verduijn
,Kunst
van,Buren
,Spee
,Boots
,Wouda
,Beelen
,Giesen
van der,Kooi
,Koetsier
,Marsman
,Sijtsma
van,Brakel
,Hilhorst
,Brekelmans
,Hoogervorst
van der,Ende
,Feijen
,Gorissen
,Balk
,Buurman
van,Dijck
van den,Biggelaar
,Wijers
de,Hoop
,Westerink
,Spijkers
,Mastenbroek
,Suijkerbuijk
,Both
van,Slooten
ten,Cate
,Chan
,Kamminga
,Meesters
van,Zundert
van,Houwelingen
van,Poppel
,Bolt
,Verhage
van,Eekelen
,Ruijs
,Bakx
ten,Brinke
,Kremers
,Çelik
,Lourens
,Rood
,Taal
,Blokker
van,Meer
van,Duuren
,Slager
,Heij
,Klarenbeek
,Slotboom
van der,Gaag
,Meeuwsen
,Rooijakkers
,Vermaas
,Vergeer
de,Heus
,Sikkema
,Hu
,Becker
,Kemp
,Beerens
,Bootsma
,Melis
van den,Bogaard
,Hubers
,Hardeman
van,Tuijl
,Wanders
,Lok
,Beentjes
,Helder
,Kievit
,Schram
,Roskam
van,Rosmalen
,Jochems
,Nicolai
,Huijsmans
,Stoffels
,Groothuis
,Hulst
van der,Zande
,Korver
,Wilms
van,Gastel
,Habraken
,Kaptein
,Hessels
van,Straaten
,Krijger
,Hesselink
,Rademakers
,Broos
van,Beelen
,Niessen
,Rijnders
,Lagendijk
,Geerdink
,Guijt
van,Veenendaal
van,Berlo
,Otte
van,Hulst
,Schaafsma
van der,Loo
de,Bakker
,Holleman
,Broer
,Maes
de,Bree
,Jong
,Been
,Quist
,Cramer
,Meertens
van de,Wouw
van,Ee
,Posthuma
van,Gurp
,Huizer
,Sluiter
van,Daalen
van,Voorst
,Spek
,Wilbrink
,Broeren
,Stienstra
,Zeeman
van,Roosmalen
,Sloot
,Verhees
,Geurtsen
,Nieuwland
,Kroese
,Netten
,Seegers
,Boere
van der,Lugt
,Vriens
,Kuik
,Noordermeer
,Benschop
van,Etten
,Schuiling
,Pas
,Hendrikse
,Dijkema
,Huitema
,Blonk
,Hordijk
,Rozendaal
van den,Berk
,Kraaijeveld
,Metselaar
,Scheper
,Besselink
,Bok
de,Kroon
,Schoonhoven
van,Tilborg
,Boone
,Ketelaars
,Geers
,Hendrickx
van,Stiphout
,Beukers
,Deen
,Toet
,Man
,Poelman
,Kleine
,Stok
,Noorlander
,Polak
,Wierenga
,Vreugdenhil
van,Bemmel
,Jongejan
,Kraak
,Frederiks
,Pouwels
,Spijkerman
,Beek
,Meijs
,Ham
,Markus
van der,Vlugt
,Zaal
,Horst
van,Harten
van der,Maas
,Kiliç
,Lips
van der,Schoot
,Breedveld
,Bruijn
,Ligtenberg
,Luiten
,Dieleman
,Ernst
,Barendregt
,Glas
,Schreuders
,Broersma
,Roks
van,Arkel
van,Raaij
,Martis
,Philipsen
,Brandt
van,Broekhoven
,Wester
,Lagerweij
,Mast
,Croes
,Hamelink
van der,Made
van,Opstal
,Bijker
,Gommers
de,Ronde
,Hak
,Franke
,Spoor
,Bom
van,Heusden
,Marijnissen
,Nijdam
de,Kock
,Khan
,Snoeren
,Brok
,Michielsen
van der,Zalm
,Arslan
,Bennink
,Kroezen
,Nienhuis
,Berghuis
,Berkers
,Elbers
van,Heugten
,Alblas
,Fischer
van,Weert
van,Gulik
,Kooi
,Molendijk
van,Oijen
,Leusink
,Speelman
van der,Vlist
,Greven
,Daniëls
,Klunder
,Korsten
,Meyer
van,Riet
van den,Ham
,Sonneveld
de,Bruijne
,Hulleman
,Kruit
,Vernooij
,Stoker
,Hofstee
van,Gaalen
,Koene
,Kouwenberg
,Frijters
,Michels
,Borsboom
,Gerritse
,Klooster
,Stigter
,Vlaar
,Muis
de,Wijs
,Ammerlaan
,Dohmen
,Bastiaansen
,Schuit
,Beens
,Raven
,Bons
,Houweling
,Wentink
,Dassen
van,Heeswijk
,Punt
van,Baal
,Kalkman
,Straver
,Verlaan
van,Zuijlen
,Zwanenburg
,Adriaanse
,Konijn
,Oonk
,Koekkoek
van,Damme
,Lemmen
,Hakvoort
,Boomsma
,Mathijssen
,Nobel
,Tak
,Huizenga
van,Wezel
,Achterberg
van den,Eijnden
,Koek
,Bout
,Oosterbaan
,Custers
,Ebbers
,Haasnoot
,Kerstens
,Kootstra
,Sinke
,Welling
van,Geest
,Kant
,Faas
,Kolk
,Krul
,Metz
,Romeijn
,Plug
,Kuijer
,Maduro
,Zeegers
,Lindeboom
,Steur
,Lindeman
,Mak
,Smeenk
van,Steen
,Abbink
van,Genderen
,Meulendijks
van,Ginneken
,Schulte
van der,Zwaag
,Bolhuis
ten,Brink
,Bijkerk
van,Schaijk
van,Dinther
,Straatman
,Valentijn
ten,Berge
van,Delden
,Voogd
,Hurkmans
van den,Dool
van der,Donk
,Geluk
,Beltman
,Hogervorst
van,Roekel
van,Beusekom
,Jeurissen
van der,Toorn
,Kappert
,Otter
,Huls
,Eggink
,Heijboer
,Braat
,Kikkert
,Verwoert
,Pasman
,Kiers
de,Roode
,Beers
van,Goor
,Langerak
,Jellema
van,Veldhoven
,Verkade
,Kers
van,Elk
,Kivits
,Rijken
,Eshuis
,Kempers
,Roorda
,Blanken
,Dijkshoorn
,Gort
,Clement
,Cohen
de,Vogel
,Schrama
,Aben
van der,Lans
van der,Vlies
,Nooijen
,Tabak
,Duin
,Osinga
,Batenburg
van,Nunen
,Boumans
,Meijering
,Dijkhuis
,Li
,Andriessen
,Koevoets
,Buitendijk
,Welten
van der,Weerd
,Kamstra
,Lee
,Alkema
van,Asten
,Gijzen
van der,Haar
,Zandstra
van der,Leest
,Braaksma
,Ketelaar
,Leeflang
,Appelman
van,Woudenberg
,Wijnhoven
,Lenting
,Boeren
van,Duren
,Klinkenberg
,Wagemakers
van der,Elst
,Riemersma
,Dogan
van der,Neut
,Verbakel
,Woudenberg
,Mutsaers
,Wit
van,Heumen
,Hulsman
,Beurskens
van,Dun
,Karsten
van der,Leij
van der,Vorst
,Coumans
,Huibers
,Schokker
,Tuin
,Sengers
den,Dekker
,Draaijer
,Kos
,Loeffen
,Moors
van,Vulpen
,Hekman
,Lansink
van der,Bij
,Philips
,Tran
van,Munster
,Oosterwijk
,Vedder
,Lensen
,Polderman
,Tuinstra
,Egberts
de,Goeij
,Verwoerd
,Stokman
,Tanis
,Zimmerman
van,Herwijnen
,Piek
,Mentink
,Broekhuis
,Ferwerda
,Spronk
de,Lang
,Spies
,Wijbenga
van der,Kleij
,Beekmans
,Kats
,Remmers
,Haas
,Kop
,Westendorp
,Doorn
van,Hooijdonk
,Vellinga
,Harteveld
,Pals
,Steen
,Mars
van,Hattem
,Mols
,Sluijter
,Waanders
,Krikke
,Oostveen
,Penders
,Burggraaf
van,Asperen
,Bruggink
van,Hooff
van,Elst
van,Benthem
,Talsma
,Ensing
,Hogendoorn
van de,Loo
van,Zetten
,Schurink
,Wennekes
,Buter
,Morsink
,Assink
van,Belzen
,Fokkema
,Heesakkers
,Freriks
,Gijsen
,Jongbloed
,Klootwijk
,Vugts
van de,Weerd
de,Wildt
van,Duinen
,Moerland
ter,Beek
van de,Pas
,Zondag
de,Kleijn
de,Gooijer
,Tolsma
,Vroom
,Dingemans
,Kuperus
,Wildeboer
van,Balen
,Kuijs
,Hutten
,Kiewiet
,Voerman
,Jonk
,Blokzijl
,Creemers
van,Willigen
de,Rijke
de,Smit
,Renes
,Rietdijk
,Voorn
van,Wieringen
,Litjens
,Nijholt
,Huijgen
,Kruize
,Voermans
van,Herpen
,Goes
,Kip
,Bak
,Bode
van,Nimwegen
,Floor
,Ketting
,Verkaik
,Vriend
,Budding
de,Swart
,Nieboer
,Olsthoorn
,Goossen
van de,Haar
,Horstman
,Leferink
,Mul
van,Wijnen
van der,Hoorn
,Pieper
,Vermaat
,Wierda
,Buist
,Hengeveld
,Korevaar
,Schotanus
,Mooren
,Plantinga
,Raijmakers
,Braakman
,Dol
van,Winden
,Verbrugge
,Fokker
,Holwerda
,Vrielink
,Daemen
,Kieft
,Stout
,Gommans
,Lanting
,Hoeksema
,Peelen
,Smetsers
,Adriaans
,Wolthuis
,Goudriaan
,Harbers
,Lange
,Plat
,Brouns
,Kaspers
,Ruigrok
,Boeve
,Groenendaal
van,Breukelen
van,Deelen
,Rotteveel
,Commandeur
,Mens
van,Staveren
,Wensink
,Wijma
,Besseling
van,Doesburg
van,Maurik
,Vorstenbosch
,Colijn
,Kuster
,Pauw
,Gerards
,Miltenburg
de,With
van der,Giessen
,Mos
,Nederlof
,Buisman
van der,Pas
,Andringa
,Lambregts
,Pierik
,Daniels
van der,Kraan
,Oosterom
,Stoel
de,Vreede
,Huiskes
,Schinkel
de,Valk
,Boerman
,Huijbers
van,Mook
,Musters
,Roodenburg
,Monster
,Damhuis
van,Eldik
,Jongeneel
,Slaats
van,Daal
van,Wees
,Bannink
,Heijne
,Klerks
,Loman
van,Olst
,Pinas
,Bras
,Hagedoorn
,Schuitemaker
van der,Wijk
,Meerman
,Overeem
van den,Boomen
,Volkers
,Bon
,Kreeft
van,Steenbergen
,Vermeeren
,Ruijter
,Zondervan
,Hooijer
,Zandvliet
,Bastiaans
,Koeman
,Hagens
den,Braber
,Ploeger
,Plas
,Hegeman
,Noordzij
,Zijlmans
,Koper
,Bruining
,Kranendonk
van der,Schans
,Abdi
,Diepeveen
van den,Belt
van der,Pijl
van,Zwieten
de,Koster
,Matthijssen
van der,Wijst
,Baak
,Steenbeek
,Verschuur
van,Duijnhoven
,Kaandorp
ten,Kate
,Wetzels
,Koks
,Kraaij
,Verheijden
,Jongman
de,Klein
,Kruizinga
,Slegers
,Pijl
,Mink
,Roeleveld
,Dik
,Bertens
,Hoeve
,Rebel
,Haring
,Meuleman
,Luijendijk
,Poort
,Mes
,Deelen
,Hagenaars
,Richardson
,Weeda
,Middel
,Tukker
,Caris
,Lindhout
,Rikken
,Strijbos
van de,Bunt
van,Haaften
,Kools
,Meeuwissen
,Biesheuvel
,Dirksen
van,Thiel
,Treffers
,Oosterveld
,Heijkoop
,Hermens
,Mantel
van,Zelst
,Davelaar
van,Moorsel
,Smidt
,Bulthuis
,Hazeleger
,Hoff
,Boerma
,Ligtvoet
,Pruim
,Schrauwen
van 't,Hoff
,Baltus
,Fleuren
,Muilwijk
,Noordam
van,Berkum
,Bijleveld
ten,Broeke
,Renkema
,Bollen
,Brinks
,Fokkens
van,Brussel
van der,Harst
,Penning
,Rietman
van,Heijningen
,Bult
,Neuteboom
van de,Werken
,Pastoor
,Witjes
,Lemmers
van,Hest
,Gevers
,Versteegh
,Wagemans
,Koop
,Mans
,Fennema
van,Gennip
van,Zwol
,Adriaansen
,Borger
,Bouten
,Boorsma
,Foppen
,Heida
,Dijkgraaf
,Vreeswijk
,Holtkamp
,Kelderman
,Slob
,Hart
,Heuts
van,Kemenade
,Leurs
,Masselink
,Ramaekers
,Bogaard
,Steenhuis
,Reedijk
,Jongerius
,Keller
,Schols
,Schuur
,Streefkerk
,Bouwmans
,Braun
van,Unen
,Barendse
,Looijen
,Keulen
van der,Marel
,Louwers
,Stuiver
,Tichelaar
,Voskamp
,Droog
,Eilander
,Simonis
,Aslan
den,Breejen
,Daamen
van,Steenis
,Huigen
,Geertsma
,Peereboom
,Molenkamp
,Steenbakkers
,Looman
,Boonen
,Heuvelman
,Alders
,Janmaat
,Poppe
,Butter
,Davids
,Oldenburger
,Zwarts
,Kempen
,Schuring
,Thijs
,Veld
van,Gameren
van,Ree
,Tetteroo
van,Adrichem
,Vollebregt
,Westerhuis
,Hoffman
,Poels
,Werkhoven
van,Antwerpen
,Thissen
,Busscher
van den,Oetelaar
,Stekelenburg
,Brandenburg
van de,Mortel
den,Dulk
,Pel
van der,Ree
van,Noord
,Vader
,Methorst
,Tijhuis
,Hussein
,Offermans
,Ceelen
,Wiersema
van,Duijvenbode
,Hoeks
,Esser
van,Bokhoven
,Straathof
,Kruijer
,Rutjes
van,Oudheusden
,Zevenbergen
van,Dort
,Middendorp
,Born
,Appel
,Baart
,Haveman
,Hazenberg
,Notenboom
,Koerts
,Wiegman
,Das
van,Houtum
,Jetten
,Jorna
,Koppers
,Peperkamp
,Weerts
,Couwenberg
van der,Drift
,Onderwater
van,Bavel
van,Diemen
,Kloppenburg
van,Oostveen
,Joosen
van,Venrooij
van,Toor
,Brans
van der,Eijk
de,Wild
,Bierman
de,Best
,Weterings
,Jorritsma
,Zwinkels
van,Rhijn
,Rijk
,Tielemans
,Westerbeek
van,Boekel
,Majoor
,Romkes
,Ansems
,Elferink
van,Nes
ten,Wolde
,Boender
,Knapen
,Louwerse
,Scholtes
,Sol
van der,Zwet
,Smets
van der,Spoel
,Hamer
,Liu
van,Luijk
,Hoeben
,Westerman
van,Huizen
,Poel
,Tummers
,Duits
de,Wolff
,Kosters
,Morren
ten,Dam
,Lenssen
de,Nooijer
van,Kasteren
de,Moor
,Slootweg
van de,Wal
van,Gaal
de,Weert
van,Oostrum
van,Beest
van,Bekkum
,Dubbeldam
,Senden
van der,Tuin
,Bevers
van,Breda
,Lohuis
,Mollema
,Sterken
,Vegter
,Bonte
van,Eeden
,Lensink
,Herder
,Plugge
,Reus
,Bloemendaal
,Riemens
,Schrijvers
,Slijkhuis
,Weening
,Wessel
,Paardekooper
,Trip
,Voncken
,Joustra
,Barnhoorn
,Bleijenberg
van,Steijn
,Bijsterbosch
,Marcus